AL0000000012022,30012022
AL0000000022022,24012022
AL0000000042022,22012022
AL0000000052022,20012022
AL0000000062022,19012022
AL0000000072022,18012022
AL0000000082022,18012022
AL0000000092022,11012022
AL0000000102022,08012022
AL0000000112022,07012022
AL0000000122022,05012022
AL0000000132022,04012022
AL0000000142022,01012022
AL0000000152022,03012022
AL0000000162022,03012022
AL0000000172022,05012022
AL0000000182022,09012022
AL0000000192022,08012022
AL0000000202022,11012022
AL0000000212022,13012022
AL0000000222022,14012022
AL0000000232022,16012022
AL0000000242022,20012022
AL0000000252022,24012022
AL0000000262022,21012022
AL0000000272022,25012022
AL0000000282022,22012022
AL0000000392022,31012022
AL0000000402022,26012022
AL0000000412022,23012022
AL0000000292022,01012022
AL0000000302022,02012022
AL0000000312022,03012022
AL0000000322022,05012022
AL0000000332022,05012022
AL0000000342022,05012022
AL0000000352022,08012022
AL0000000362022,09012022
AL0000000372022,12012022
AL0000000382022,13012022
AL0000000422022,16012022
AL0000000432022,15012022
AL0000000442022,15012022
AL0000000452022,16012022
AL0000000462022,16012022
AL0000000472022,16012022
AL0000000482022,16012022
AL0000000492022,17012022
AL0000000502022,17012022
AL0000000512022,18012022
AL0000000522022,20012022
AL0000000532022,19012022
AL0000000542022,22012022
AL0000000552022,23012022
AL0000000562022,24012022
AL0000000572022,25012022
AL0000000582022,28012022
AL0000000592022,29012022
AL0000000602022,30012022
AL0000000612022,30012022
AL0000000622022,30012022
AL0000000632022,31012022
AL0000000642022,17012022
AL0000000032022,03012022
AL0000000652022,15012022
AL0000000662022,15012022
AL0000000672022,17012022
AL0000000682022,18012022
AL0000000692022,18012022
AL0000000702022,23012022
AL0000000712022,24012022
AL0000000722022,15012022
AL0000000732022,16012022
AL0000000742022,25012022
AL0000000752022,29012022
AL0000000762022,30012022
AL0000000772022,31012022
AL0000000782022,15012022
AL0000000792022,19012022
AL0000000802022,14012022
AL0000000812022,19012022
AL0000000822022,13012022
AL0000000832022,20012022
AL0000000842022,16012022
AL0000000852022,06012022
AL0000000862022,09012022
AL0000000872022,03012022
AL0000000882022,06012022
AL0000000892022,01012022
AL0000000902022,03012022
AL0000000912022,04012022
AL0000000922022,02012022
AL0000000932022,20012022
AL0000000942022,02012022
AL0000000952022,20012022
AL0000000962022,03012022
AL0000000972022,02012022
AL0000000982022,20012022
AL0000000992022,01012022
AL0000001002022,24012022
AL0000001012022,23012022
AL0000001022022,23012022
AL0000001032022,21012022
AL0000001042022,19012022
AL0000001052022,18012022
AL0000001062022,19012022
AL0000001072022,16012022
AL0000001082022,15012022
AL0000001092022,13012022
AL0000001102022,20012022
AL0000001112022,06012022
AL0000001122022,12012022
AL0000001132022,25012022
AL0000001142022,09012022
AL0000001152022,09012022
AL0000001162022,06012022
AL0000001172022,11012022
AL0000001182022,07012022
AL0000001192022,07012022
AL0000001202022,18012022
AL0000001212022,06012022
AL0000001222022,14012022
AL0000001232022,04012022
AL0000001242022,04012022
AL0000001252022,06012022
AL0000001262022,04012022
AL0000001272022,12012022
AL0000001282022,03012022
AL0000001292022,14012022
AL0000001302022,12012022
AL0000001312022,02012022
AL0000001322022,15012022
AL0000001332022,01012022
AL0000001342022,15012022
AL0000001352022,18012022
AL0000001362022,10012022
AL0000001372022,10012022
AL0000001382022,20012022
AL0000001392022,31012022
AL0000001402022,10012022
AL0000001412022,14012022
AL0000001422022,19012022
AL0000001432022,26012022
AL0000001442022,26012022
AL0000001452022,25012022
AL0000001462022,25012022
AL0000001472022,27012022
AL0000001482022,28012022
AL0000001492022,29012022
AL0000001502022,28012022
AL0000001512022,27012022
AL0000001522022,28012022
AL0000001532022,28012022
AL0000001542022,23012022
AL0000001552022,25012022
AL0000001562022,07012022
AL0000001572022,23012022
AL0000001582022,19012022
AL0000001592022,18012022
AL0000001602022,17012022
AL0000001612022,23012022
AL0000001622022,24012022
AL0000001632022,21012022
AL0000001642022,28012022
AL0000001652022,29012022
AL0000001662022,31012022
AL0000001672022,30012022
AL0000001682022,29012022
AL0000001692022,31012022
AL0000001702022,18012022
AL0000001712022,26012022
AL0000001722022,01012022
AL0000001732022,13012022
AL0000001742022,10012022
AL0000001752022,05012022
AL0000001762022,30012022
AL0000001772022,03012022
AL0000001782022,29012022
AL0000001792022,03012022
AL0000001802022,10012022
AL0000001812022,10012022
AL0000001822022,05012022
AL0000001832022,06012022
AL0000001842022,06012022
AL0000001852022,05012022
AL0000001862022,03012022
AL0000001872022,25012022
AL0000001882022,14012022
AL0000001892022,25012022
AL0000001902022,13012022
AL0000001912022,24012022
AL0000001922022,14012022
AL0000001932022,14012022
AL0000001942022,24012022
AL0000001952022,22012022
AL0000001962022,22012022
AL0000001972022,22012022
AL0000001982022,22012022
AL0000001992022,22012022
AL0000002002022,22012022
AL0000002012022,18012022
AL0000002022022,18012022
AL0000002032022,18012022
AL0000002042022,15012022
AL0000002052022,02012022
AL0000002062022,01012022
AL0000002072022,07012022
AL0000002082022,07012022
AL0000002092022,08012022
AL0000002102022,08012022
AL0000002112022,08012022
AL0000002122022,10012022
AL0000002132022,11012022
AL0000002142022,11012022
AL0000002152022,12012022
AL0000002162022,13012022
AL0000002172022,15012022
AL0000002182022,16012022
AL0000002192022,16012022
AL0000002202022,18012022
AL0000002212022,19012022
AL0000002222022,23012022
AL0000002232022,23012022
AL0000002242022,21012022
AL0000002252022,21012022
AL0000002262022,19012022
AL0000002272022,20012022
AL0000002282022,19012022
AL0000002292022,20012022
AL0000002302022,19012022
AL0000003462022,03012022
AL0000003472022,06012022
AL0000003482022,07012022
AL0000003492022,08012022
AL0000003502022,08012022
AL0000003512022,10012022
AL0000003522022,11012022
AL0000003532022,12012022
AL0000003542022,12012022
AL0000003582022,05012022
AL0000003592022,04012022
AL0000002312022,01022022
AL0000002322022,02022022
AL0000002332022,08022022
AL0000002342022,04022022
AL0000002352022,07022022
AL0000002362022,10022022
AL0000002372022,11022022
AL0000002382022,10022022
AL0000002392022,12022022
AL0000002402022,01022022
AL0000002412022,02022022
AL0000002422022,13022022
AL0000002432022,11022022
AL0000002442022,14022022
AL0000002452022,14022022
AL0000002462022,08022022
AL0000002472022,08022022
AL0000002482022,12022022
AL0000002492022,16022022
AL0000002502022,20022022
AL0000002512022,20022022
AL0000002522022,21022022
AL0000002532022,22022022
AL0000002542022,22022022
AL0000002552022,25022022
AL0000002682022,05022022
AL0000002692022,06022022
AL0000002702022,15022022
AL0000002712022,04022022
AL0000002722022,20022022
AL0000002732022,11022022
AL0000002742022,18022022
AL0000002752022,12022022
AL0000002762022,24022022
AL0000002562022,04022022
AL0000002572022,04022022
AL0000002582022,04022022
AL0000002592022,04022022
AL0000002602022,05022022
AL0000002612022,05022022
AL0000002622022,06022022
AL0000002632022,06022022
AL0000002642022,06022022
AL0000002652022,07022022
AL0000002662022,07022022
AL0000002672022,08022022
AL0000002772022,08022022
AL0000002782022,09022022
AL0000002792022,11022022
AL0000002802022,28022022
AL0000002812022,26022022
AL0000002822022,12022022
AL0000002832022,12022022
AL0000002842022,27022022
AL0000002852022,12022022
AL0000002862022,27022022
AL0000002872022,27022022
AL0000002882022,26022022
AL0000002892022,13022022
AL0000002902022,26022022
AL0000002912022,26022022
AL0000002922022,13022022
AL0000002932022,26022022
AL0000002942022,13022022
AL0000002952022,25022022
AL0000002962022,13022022
AL0000002972022,06022022
AL0000002982022,25022022
AL0000002992022,25022022
AL0000003002022,14022022
AL0000003012022,14022022
AL0000003022022,22022022
AL0000003032022,05022022
AL0000003042022,21022022
AL0000003052022,15022022
AL0000003062022,21022022
AL0000003072022,18022022
AL0000003082022,20022022
AL0000003092022,20022022
AL0000003102022,20022022
AL0000003112022,05022022
AL0000003122022,26022022
AL0000003132022,07022022
AL0000003142022,02022022
AL0000003152022,14022022
AL0000003162022,19022022
AL0000003172022,16022022
AL0000003182022,23022022
AL0000003192022,27022022
AL0000003202022,27022022
AL0000003212022,26022022
AL0000003222022,25022022
AL0000003232022,23022022
AL0000003242022,23022022
AL0000003252022,22022022
AL0000003262022,21022022
AL0000003272022,21022022
AL0000003282022,21022022
AL0000003292022,01022022
AL0000003302022,01022022
AL0000003312022,20022022
AL0000003322022,02022022
AL0000003332022,19022022
AL0000003342022,18022022
AL0000003352022,03022022
AL0000003362022,14022022
AL0000003372022,13022022
AL0000003382022,11022022
AL0000003392022,11022022
AL0000003402022,08022022
AL0000003412022,08022022
AL0000003422022,07022022
AL0000003432022,20022022
AL0000003442022,06022022
AL0000003452022,03022022
AL0000003552022,06022022
AL0000003562022,06022022
AL0000003572022,04022022
AL0000003602022,19022022
AL0000003612022,13022022
AL0000003622022,19022022
AL0000003632022,17022022
AL0000003642022,28022022
AL0000003652022,20022022
AL0000003662022,28022022
AL0000003672022,13022022
AL0000003682022,16022022
AL0000003692022,27022022
AL0000003702022,20022022
AL0000003712022,07022022
AL0000003722022,17022022
AL0000003732022,26022022
AL0000003742022,09022022
AL0000003752022,20022022
AL0000003762022,16022022
AL0000003772022,24022022
AL0000003782022,07022022
AL0000003792022,06022022
AL0000003802022,23022022
AL0000003812022,09022022
AL0000003822022,17022022
AL0000003832022,05022022
AL0000003842022,01022022
AL0000003852022,09022022
AL0000003862022,13022022
AL0000003872022,02022022
AL0000003882022,20022022
AL0000003892022,12022022
AL0000003902022,15022022
AL0000003912022,13022022
AL0000003922022,13022022
AL0000003932022,06022022
AL0000003942022,06022022
AL0000003952022,15022022
AL0000003962022,08022022
AL0000003972022,16022022
AL0000003982022,10022022
AL0000003992022,19022022
AL0000004002022,18022022
AL0000004012022,18022022
AL0000004022022,20022022
AL0000004032022,27022022
AL0000004042022,19022022
AL0000004052022,16022022
AL0000004062022,26022022
AL0000004072022,21022022
AL0000004082022,26022022
AL0000004092022,25022022
AL0000004102022,15022022
AL0000004112022,26022022
AL0000004122022,24022022
AL0000004132022,28022022
AL0000004142022,24022022
AL0000004152022,27022022
AL0000004162022,28022022
AL0000004182022,25022022
AL0000005542022,11022022
AL0000005552022,13022022
AL0000005562022,14022022
AL0000005572022,15022022
AL0000005582022,15022022
AL0000005592022,16022022
AL0000005602022,16022022
AL0000005612022,16022022
AL0000005622022,17022022
AL0000005632022,18022022
AL0000005642022,18022022
AL0000005652022,19022022
AL0000005662022,20022022
AL0000005672022,22022022
AL0000005682022,24022022
AL0000005692022,24022022
AL0000005702022,25022022
AL0000005712022,26022022
AL0000005722022,28022022
AL0000005732022,24022022
AL0000004192022,02032022
AL0000004202022,02032022
AL0000004212022,06032022
AL0000004222022,07032022
AL0000004232022,03032022
AL0000004242022,01032022
AL0000004252022,13032022
AL0000004262022,25032022
AL0000004272022,27032022
AL0000004172022,13032022
AL0000004282022,26032022
AL0000004292022,28032022
AL0000004302022,31032022
AL0000004312022,30032022
AL0000004322022,29032022
AL0000004332022,01032022
AL0000004342022,06032022
AL0000004352022,07032022
AL0000004362022,07032022
AL0000004372022,08032022
AL0000004382022,12032022
AL0000004392022,12032022
AL0000004402022,12032022
AL0000004412022,13032022
AL0000004422022,21032022
AL0000004432022,23032022
AL0000004442022,23032022
AL0000004452022,17032022
AL0000004462022,26032022
AL0000004472022,26032022
AL0000004482022,26032022
AL0000004492022,22032022
AL0000004502022,23032022
AL0000004512022,29032022
AL0000004522022,29032022
AL0000004532022,30032022
AL0000004542022,03032022
AL0000004552022,04032022
AL0000004562022,05032022
AL0000004572022,05032022
AL0000004582022,06032022
AL0000004592022,06032022
AL0000004602022,06032022
AL0000004612022,06032022
AL0000004622022,07032022
AL0000004632022,09032022
AL0000004642022,02032022
AL0000004652022,10032022
AL0000004662022,10032022
AL0000004672022,11032022
AL0000004682022,12032022
AL0000004692022,12032022
AL0000004702022,12032022
AL0000004712022,13022022
AL0000004722022,13032022
AL0000004732022,13032022
AL0000004742022,13032022
AL0000004752022,14032022
AL0000004762022,15032022
AL0000004772022,16032022
AL0000004782022,16032022
AL0000004792022,25032022
AL0000004802022,26032022
AL0000004812022,27032022
AL0000004822022,12032022
AL0000004832022,28032022
AL0000004842022,28032022
AL0000004852022,28032022
AL0000004862022,27032022
AL0000004872022,10032022
AL0000004882022,12032022
AL0000004892022,13032022
AL0000004902022,14032022
AL0000004912022,29032022
AL0000004922022,29032022
AL0000004932022,27032022
AL0000004942022,27032022
AL0000004952022,05032022
AL0000004962022,27032022
AL0000004972022,26032022
AL0000004982022,31032022
AL0000004992022,31032022
AL0000005002022,26032022
AL0000005012022,26032022
AL0000005022022,24032022
AL0000005032022,24032022
AL0000005042022,23032022
AL0000005052022,23032022
AL0000005062022,23032022
AL0000005072022,23032022
AL0000005082022,29032022
AL0000005092022,22032022
AL0000005102022,13032022
AL0000005112022,21032022
AL0000005122022,20032022
AL0000005132022,11032022
AL0000005142022,19032022
AL0000005152022,11032022
AL0000005162022,08032022
AL0000005172022,17032022
AL0000005182022,17032022
AL0000005192022,07032022
AL0000005202022,17032022
AL0000005212022,05032022
AL0000005222022,05032022
AL0000005232022,15032022
AL0000005242022,25032022
AL0000005252022,15032022
AL0000005262022,25032022
AL0000005272022,23032022
AL0000005282022,23032022
AL0000005292022,14032022
AL0000005302022,14032022
AL0000005312022,14032022
AL0000005322022,14032022
AL0000005332022,12032022
AL0000005342022,01032022
AL0000005352022,01032022
AL0000005362022,02032022
AL0000005372022,03032022
AL0000005382022,04032022
AL0000005392022,05032022
AL0000005402022,07032022
AL0000005412022,09032022
AL0000005422022,09032022
AL0000005432022,12032022
AL0000005442022,01032022
AL0000005452022,27032022
AL0000005462022,22032022
AL0000005472022,19032022
AL0000005482022,09032022
AL0000005492022,19032022
AL0000005502022,14032022
AL0000005512022,18032022
AL0000005522022,15032022
AL0000005532022,15032022
AL0000005742022,06032022
AL0000005752022,11032022
AL0000005762022,04032022
AL0000005772022,04032022
AL0000005782022,01032022
AL0000005792022,04032022
AL0000005802022,17032022
AL0000005812022,06032022
AL0000005822022,03032022
AL0000005832022,23032022
AL0000005842022,10032022
AL0000005852022,11032022
AL0000005862022,13032022
AL0000005872022,14032022
AL0000005882022,18032022
AL0000005892022,16032022
AL0000005902022,10032022
AL0000005912022,23032022
AL0000005922022,11032022
AL0000005932022,10032022
AL0000005942022,07032022
AL0000005952022,17032022
AL0000005962022,15032022
AL0000005972022,15032022
AL0000005982022,05032022
AL0000005992022,01032022
AL0000006002022,18032022
AL0000006012022,22032022
AL0000006022022,01032022
AL0000006032022,13032022
AL0000006042022,15032022
AL0000006052022,15032022
AL0000006062022,24032022
AL0000006072022,15032022
AL0000006082022,02032022
AL0000006092022,16032022
AL0000006102022,13032022
AL0000006112022,13032022
AL0000006122022,13032022
AL0000006132022,13032022
AL0000006142022,05032022
AL0000006152022,13032022
AL0000006162022,12032022
AL0000006172022,03032022
AL0000006182022,02032022
AL0000006192022,11032022
AL0000006202022,08032022
AL0000006212022,26032022
AL0000006222022,29032022
AL0000006232022,31032022
AL0000006242022,26032022
AL0000006252022,28032022
AL0000006262022,08032022
AL0000006272022,03032022
AL0000006282022,03032022
AL0000006292022,30032022
AL0000006302022,23032022
AL0000006312022,22032022
AL0000006322022,20032022
AL0000006332022,16032022
AL0000006342022,29032022
AL0000006352022,30032022
AL0000006362022,25032022
AL0000006372022,29032022
AL0000006382022,23032022
AL0000006392022,23032022
AL0000006402022,08032022
AL0000006412022,01042022
AL0000006422022,01042022
AL0000006432022,01042022
AL0000006442022,05042022
AL0000006452022,05042022
AL0000006462022,09042022
AL0000006472022,09042022
AL0000006482022,13042022
AL0000006492022,13042022
AL0000006502022,16042022
AL0000006512022,16042022
AL0000006522022,16042022
AL0000006532022,17042022
AL0000006542022,20042022
AL0000006552022,22042022
AL0000006562022,23042022
AL0000006572022,29042022
AL0000006582022,30042022
AL0000006592022,30042022
AL0000006602022,02042022
AL0000006612022,01042022
AL0000006622022,01042022
AL0000006632022,01042022
AL0000006642022,28042022
AL0000006652022,01042022
AL0000006662022,26042022
AL0000006672022,03042022
AL0000006682022,24042022
AL0000006692022,24042022
AL0000006702022,03042022
AL0000006712022,04042022
AL0000006722022,05042022
AL0000006732022,05042022
AL0000006742022,06042022
AL0000006752022,06042022
AL0000006762022,07042022
AL0000006772022,08042022
AL0000006782022,08042022
AL0000006792022,10042022
AL0000006802022,13042022
AL0000006812022,25042022
AL0000006822022,25042022
AL0000006832022,22042022
AL0000006842022,14042022
AL0000006852022,21042022
AL0000006862022,20042022
AL0000006872022,14042022
AL0000006882022,17042022
AL0000006892022,17042022
AL0000006902022,14042022
AL0000006912022,20042022
AL0000006922022,14042022
AL0000006932022,13042022
AL0000006942022,16042022
AL0000006952022,18042022
AL0000006962022,18042022
AL0000006972022,11042022
AL0000006982022,19042022
AL0000006992022,10042022
AL0000007002022,20042022
AL0000007012022,20042022
AL0000007022022,21042022
AL0000007032022,10042022
AL0000007042022,22042022
AL0000007052022,09042022
AL0000007062022,23042022
AL0000007072022,09042022
AL0000007082022,23042022
AL0000007092022,08042022
AL0000007102022,24042022
AL0000007112022,08042022
AL0000007122022,07042022
AL0000007132022,24042022
AL0000007142022,24042022
AL0000007152022,24042022
AL0000007162022,24042022
AL0000007172022,07042022
AL0000007182022,05042022
AL0000007192022,04042022
AL0000007202022,24042022
AL0000007212022,04042022
AL0000007222022,25042022
AL0000007232022,26042022
AL0000007242022,26042022
AL0000007252022,26042022
AL0000007262022,27042022
AL0000007272022,28042022
AL0000007282022,30042022
AL0000007292022,30042022
AL0000007302022,30042022
AL0000007312022,04042022
AL0000007322022,30042022
AL0000007332022,25042022
AL0000007342022,15042022
AL0000007352022,14042022
AL0000007362022,06042022
AL0000007372022,02042022
AL0000007382022,08042022
AL0000007392022,11042022
AL0000007402022,16042022
AL0000007412022,17042022
AL0000007422022,13042022
AL0000007432022,22042022
AL0000007512022,02042022
AL0000007522022,02042022
AL0000007532022,03042022
AL0000007542022,03042022
AL0000007552022,02042022
AL0000007562022,03042022
AL0000007572022,03042022
AL0000007582022,04042022
AL0000007592022,04042022
AL0000007602022,04042022
AL0000007612022,07042022
AL0000007622022,08042022
AL0000007632022,10042022
AL0000007642022,10042022
AL0000007652022,11042022
AL0000007662022,11042022
AL0000007672022,11042022
AL0000007682022,12042022
AL0000007692022,12042022
AL0000007702022,15042022
AL0000007712022,15042022
AL0000007722022,16042022
AL0000007732022,16042022
AL0000007742022,17042022
AL0000007752022,19042022
AL0000007762022,21042022
AL0000007772022,05042022
AL0000007782022,20042022
AL0000007792022,22042022
AL0000007802022,22042022
AL0000007812022,23042022
AL0000007822022,23042022
AL0000007832022,24042022
AL0000007842022,26042022
AL0000007852022,28042022
AL0000007862022,28042022
AL0000007872022,29042022
AL0000007882022,29042022
AL0000007892022,29042022
AL0000007902022,30042022
AL0000007442022,08012022
AL0000007452022,09012022
AL0000007462022,12012022
AL0000007472022,16012022
AL0000007482022,17012022
AL0000007492022,24012022
AL0000007502022,28012022
AL0000007912022,30012022
AL0000007922022,30012022
AL0000007932022,03022022
AL0000007942022,04022022
AL0000007952022,05012022
AL0000007962022,08022022
AL0000007972022,08022022
AL0000007982022,10022022
AL0000007992022,11022022
AL0000008002022,12022022
AL0000008012022,13022022
AL0000008022022,27022022
AL0000008032022,14022022
AL0000008042022,21022022
AL0000008052022,04022022
AL0000008062022,26022022
AL0000008072022,12032022
AL0000008082022,03032022
AL0000008092022,08032022
AL0000008102022,08032022
AL0000008112022,10032022
AL0000008122022,04032022
AL0000008132022,16032022
AL0000008142022,19032022
AL0000008152022,03042022
AL0000008162022,04042022
AL0000008172022,17042022
AL0000008182022,04042022
AL0000008192022,06042022
AL0000008202022,10042022
AL0000008212022,17042022
AL0000008222022,28042022
AL0000008232022,17042022
AL0000008242022,19042022
AL0000008252022,21042022
AL0000008262022,11042022
AL0000008272022,24042022
AL0000008282022,20042022
AL0000008292022,05042022
AL0000008302022,09042022
AL0000008312022,27042022
AL0000008322022,15042022
AL0000008332022,17042022
AL0000008342022,17042022
AL0000008352022,23042022
AL0000008362022,20042022
AL0000008372022,08042022
AL0000008382022,15042022
AL0000008392022,14042022
AL0000008402022,13042022
AL0000008412022,28042022
AL0000008422022,29042022
AL0000008432022,25042022
AL0000008442022,24042022
AL0000008452022,27042022
AL0000008462022,03042022
AL0000008472022,28042022
AL0000008482022,12042022
AL0000008492022,29042022
AL0000008502022,02042022
AL0000008512022,22042022
AL0000008522022,18042022
AL0000008532022,23042022
AL0000008542022,07042022
AL0000008552022,20042022
AL0000008562022,28042022
AL0000008572022,24042022
AL0000008582022,20042022
AL0000008592022,30042022
AL0000008602022,28042022
AL0000008612022,16042022
AL0000008622022,18042022
AL0000008632022,15042022
AL0000008642022,03042022
AL0000008652022,02042022
AL0000008662022,17042022
AL0000008672022,10042022
AL0000008682022,09042022
AL0000008692022,08042022
AL0000008702022,11042022
AL0000008712022,17042022
AL0000008722022,24042022
AL0000008732022,24042022
AL0000008742022,18042022
AL0000008752022,30042022
AL0000008762022,29042022
AL0000008772022,25042022
AL0000008782022,17042022
AL0000008792022,30042022
AL0000008802022,30042022
AL0000008812022,12042022
AL0000008822022,13042022
AL0000008832022,14042022
AL0000008842022,29042022
AL0000008852022,17042022
AL0000008862022,11042022
AL0000008872022,04042022
AL0000008882022,05042022
AL0000008892022,04042022
AL0000008902022,22042022
AL0000008912022,06042022
AL0000008922022,14042022
AL0000008932022,14042022
AL0000008942022,08042022
AL0000008952022,12042022
AL0000008962022,28042022
AL0000008972022,02052022
AL0000008982022,03052022
AL0000008992022,06052022
AL0000009002022,07052022
AL0000009012022,07052022
AL0000009022022,07052022
AL0000009032022,20052022
AL0000009042022,21052022
AL0000009052022,23052022
AL0000009062022,27052022
AL0000009072022,21052022
AL0000009082022,27052022
AL0000009092022,28052022
AL0000009102022,31052022
AL0000009112022,31052022
AL0000009122022,02052022
AL0000009132022,03052022
AL0000009142022,04052022
AL0000009152022,04052022
AL0000009162022,06052022
AL0000009172022,02052022
AL0000009182022,09052022
AL0000009192022,07052022
AL0000009202022,08052022
AL0000009212022,11052022
AL0000009222022,12052022
AL0000009232022,12052022
AL0000009242022,14052022
AL0000009252022,14052022
AL0000009262022,14052022
AL0000009272022,22052022
AL0000009282022,17052022
AL0000009292022,26052022
AL0000009302022,28052022
AL0000009312022,27052022
AL0000009322022,27052022
AL0000009332022,28052022
AL0000009342022,18052022
AL0000022402021,14122021
AL0000009352022,01052022
AL0000009362022,01052022
AL0000009372022,02052022
AL0000009382022,04052022
AL0000009392022,06052022
AL0000009402022,07052022
AL0000009412022,30052022
AL0000009422022,08052022
AL0000009432022,30052022
AL0000009442022,08052022
AL0000009452022,27052022
AL0000009462022,08052022
AL0000009472022,22052022
AL0000009482022,21052022
AL0000009492022,08052022
AL0000009502022,20052022
AL0000009512022,08052022
AL0000009522022,20052022
AL0000009532022,10052022
AL0000009542022,11052022
AL0000009552022,11052022
AL0000009562022,19052022
AL0000009572022,12052022
AL0000009582022,14052022
AL0000009592022,14052022
AL0000009602022,14052022
AL0000009612022,15052022
AL0000009622022,15052022
AL0000009632022,15052022
AL0000009642022,15052022
AL0000009652022,16052022
AL0000009662022,16052022
AL0000009672022,16052022
AL0000009682022,17052022
AL0000009692022,17052022
AL0000009702022,19052022
AL0000009712022,28052022
AL0000009722022,08052022
AL0000009732022,16052022
AL0000009742022,14052022
AL0000009752022,15052022
AL0000009762022,09052022
AL0000009772022,31052022
AL0000009782022,31052022
AL0000009792022,27052022
AL0000009802022,26052022
AL0000009812022,23052022
AL0000009822022,23052022
AL0000009832022,21052022
AL0000009842022,21052022
AL0000009852022,21052022
AL0000009862022,20052022
AL0000009872022,20052022
AL0000009882022,20052022
AL0000009892022,19052022
AL0000009902022,24052022
AL0000009912022,19052022
AL0000009922022,19052022
AL0000009932022,24052022
AL0000009942022,19052022
AL0000009952022,27052022
AL0000009962022,19052022
AL0000009972022,22052022
AL0000009982022,18052022
AL0000009992022,22052022
AL0000010002022,17052022
AL0000010012022,21052022
AL0000010022022,17052022
AL0000010032022,21052022
AL0000010042022,14052022
AL0000010052022,14052022
AL0000010062022,20052022
AL0000010072022,16052022
AL0000010082022,15052022
AL0000010092022,13052022
AL0000010102022,14052022
AL0000010112022,12052022
AL0000010122022,12052022
AL0000010132022,10052022
AL0000010142022,10052022
AL0000010152022,10052022
AL0000010162022,09052022
AL0000010172022,11052022
AL0000010182022,11052022
AL0000010192022,10052022
AL0000010202022,09052022
AL0000010212022,06052022
AL0000010222022,09052022
AL0000010232022,06052022
AL0000010242022,02052022
AL0000010252022,07052022
AL0000010262022,08052022
AL0000010272022,08052022
AL0000010282022,09052022
AL0000010292022,04062022
AL0000010302022,06062022
AL0000010312022,02052022
AL0000010322022,15052022
AL0000010332022,18052022
AL0000010342022,15052022
AL0000010352022,06052022
AL0000010362022,09052022
AL0000010372022,09052022
AL0000010382022,07052022
AL0000010392022,28052022
AL0000010402022,20052022
AL0000010412022,20052022
AL0000010422022,08052022
AL0000010432022,04052022
AL0000010442022,19052022
AL0000010452022,14052022
AL0000010462022,11052022
AL0000010472022,14052022
AL0000010482022,09052022
AL0000010492022,02052022
AL0000010502022,13052022
AL0000010512022,05052022
AL0000010522022,05052022
AL0000010532022,31052022
AL0000010542022,28052022
AL0000010552022,27052022
AL0000010562022,20052022
AL0000010572022,22052022
AL0000010582022,20052022
AL0000010592022,02052022
AL0000010602022,13052022
AL0000010612022,15052022
AL0000010622022,09052022
AL0000010632022,12052022
AL0000010642022,01052022
AL0000010652022,02052022
AL0000010662022,11052022
AL0000010672022,29052022
AL0000010682022,16052022
AL0000010692022,14052022
AL0000010702022,20052022
AL0000010712022,02052022
AL0000010722022,21052022
AL0000010732022,11052022
AL0000010742022,07052022
AL0000010752022,10052022
AL0000010762022,06052022
AL0000010772022,29052022
AL0000010782022,18052022
AL0000010792022,06052022
AL0000010802022,11052022
AL0000010812022,31052022
AL0000010822022,19052022
AL0000010832022,31052022
AL0000010842022,29052022
AL0000010852022,03052022
AL0000010862022,28052022
AL0000010872022,19052022
AL0000010882022,20052022
AL0000010892022,03052022
AL0000010902022,04052022
AL0000010912022,18052022
AL0000010922022,14052022
AL0000010932022,13022022
AL0000010942022,04052022
AL0000010952022,05052022
AL0000010962022,08052022
AL0000010972022,09052022
AL0000010982022,12052022
AL0000010992022,20052022
AL0000011002022,21052022
AL0000011012022,14052022
AL0000011022022,24052022
AL0000011032022,27052022
AL0000011042022,28052022
AL0000011052022,28052022
AL0000011062022,19052022
AL0000011072022,19052022
AL0000011082022,19052022
AL0000011092022,20052022
AL0000011102022,26052022
AL0000011112022,18052022
AL0000011122022,10052022
AL0000011132022,08052022
AL0000011142022,06052022
AL0000011152022,01062022
AL0000011162022,01062022
AL0000011172022,03062022
AL0000011182022,04062022
AL0000011192022,04062022
AL0000011202022,04062022
AL0000011212022,05062022
AL0000011222022,05062022
AL0000011232022,06062022
AL0000011242022,09062022
AL0000011252022,09062022
AL0000011262022,11062022
AL0000011272022,11062022
AL0000011292022,12062022
AL0000011302022,12062022
AL0000011312022,14062022
AL0000011322022,15062022
AL0000011332022,13062022
AL0000011342022,17062022
AL0000011352022,18062022
AL0000011362022,18062022
AL0000011372022,19062022
AL0000011382022,19062022
AL0000011402022,20062022
AL0000011412022,22062022
AL0000011422022,22062022
AL0000011432022,24062022
AL0000011442022,27062022
AL0000011452022,27062022
AL0000011462022,29062022
AL0000011472022,29062022
AL0000011482022,30062022
AL0000011492022,30062022
AL0000011502022,13062022
AL0000011512022,14012022
AL0000011522022,20022022
AL0000011532022,15032022
AL0000011542022,10062022
AL0000011552022,27032022
AL0000011562022,17062022
AL0000011572022,05062022
AL0000011582022,03062022
AL0000011592022,04062022
AL0000011602022,07062022
AL0000011612022,10062022
AL0000011622022,13062022
AL0000011632022,15062022
AL0000011642022,14062022
AL0000011652022,17062022
AL0000011662022,18062022
AL0000011672022,05062022
AL0000011682022,05062022
AL0000011692022,20062022
AL0000011702022,23062022
AL0000011712022,23062022
AL0000011722022,15062022
AL0000011732022,26062022
AL0000011742022,15062022
AL0000011752022,09062022
AL0000011762022,06062022
AL0000011772022,04062022
AL0000011782022,03062022
AL0000011792022,03062022
AL0000011802022,03062022
AL0000011812022,02062022
AL0000011822022,01062022
AL0000011832022,21062022
AL0000011842022,29062022
AL0000011852022,05062022
AL0000011862022,10062022
AL0000011872022,09062022
AL0000011882022,15062022
AL0000011892022,19062022
AL0000011902022,14062022
AL0000011912022,20062022
AL0000011922022,13062022
AL0000011932022,12062022
AL0000011942022,17062022
AL0000011952022,07062022
AL0000011962022,22062022
AL0000011972022,23062022
AL0000011982022,05062022
AL0000011992022,04062022
AL0000012002022,03062022
AL0000012012022,03062022
AL0000012022022,03062022
AL0000012032022,29062022
AL0000012042022,29062022
AL0000012052022,28062022
AL0000012062022,07062022
AL0000012072022,10062022
AL0000012082022,11062022
AL0000012092022,28062022
AL0000012102022,28062022
AL0000012112022,12062022
AL0000012122022,26062022
AL0000012132022,12062022
AL0000012142022,24062022
AL0000012152022,12062022
AL0000012162022,24062022
AL0000012172022,12062022
AL0000012182022,23062022
AL0000012192022,13062022
AL0000012202022,23062022
AL0000012212022,23062022
AL0000012222022,13062022
AL0000012232022,21062002
AL0000012242022,13062022
AL0000012252022,13062022
AL0000012262022,21062022
AL0000012272022,16062022
AL0000012282022,14062022
AL0000012292022,21062022
AL0000012302022,20062022
AL0000012312022,17062022
AL0000012322022,17062022
AL0000012332022,20062022
AL0000012342022,20062022
AL0000012352022,19062022
AL0000012362022,17062022
AL0000012372022,18062022
AL0000012382022,18062022
AL0000012392022,17062022
AL0000012402022,12062022
AL0000012412022,20062022
AL0000012422022,11062022
AL0000012432022,08062022
AL0000012442022,11062022
AL0000012452022,15062022
AL0000012462022,14062022
AL0000012472022,15062022
AL0000012482022,28062022
AL0000012492022,30062022
AL0000012502022,30062022
AL0000012512022,12062022
AL0000012522022,30062022
AL0000012532022,11062022
AL0000012542022,20062022
AL0000012552022,11062022
AL0000012562022,21062022
AL0000012572022,07062022
AL0000012582022,24062022
AL0000012592022,09062022
AL0000012602022,15062022
AL0000012612022,10062022
AL0000012622022,27062022
AL0000012632022,29062022
AL0000012642022,12062022
AL0000012652022,07062022
AL0000012662022,04062022
AL0000012672022,17062022
AL0000012682022,28062022
AL0000012692022,15062022
AL0000012702022,24062022
AL0000012712022,20062022
AL0000012722022,01062022
AL0000012732022,14062022
AL0000012742022,13062022
AL0000012752022,05062022
AL0000012762022,09062022
AL0000012772022,07062022
AL0000012782022,02062022
AL0000012792022,04062022
AL0000012802022,06062022
AL0000012812022,01062022
AL0000012822022,18062022
AL0000012832022,19062022
AL0000012842022,06062022
AL0000012852022,28062022
AL0000012862022,13062022
AL0000012872022,28062022
AL0000012882022,29062022
AL0000012892022,14062022
AL0000012902022,14062022
AL0000012912022,14062022
AL0000012922022,17062022
AL0000012932022,15062022
AL0000012942022,17062022
AL0000000752022,07072022
AL0000011282022,07072022
AL0000011392022,05072022
AL0000012952022,10072022
AL0000012962022,04072022
AL0000012972022,09072022
AL0000012982022,12072022
AL0000013002022,15072022
AL0000013012022,15072022
AL0000013022022,18072022
AL0000013032022,18072022
AL0000013042022,22072022
AL0000013052022,23072022
AL0000013062022,22072022
AL0000013072022,10072022
AL0000013082022,30062022
AL0000013092022,23072022
AL0000013102022,23072022
AL0000013112022,23072022
AL0000013122022,26072022
AL0000013132022,26072022
AL0000013142022,10012022
AL0000013152022,31072022
AL0000013162022,27012022
AL0000013172022,02022022
AL0000013182022,29072022
AL0000013192022,26042022
AL0000013202022,04032022
AL0000013212022,22062022
AL0000013222022,21052022
AL0000013232022,08072022
AL0000013242022,01072022
AL0000013252022,02072022
AL0000013272022,03072022
AL0000013282022,05072022
AL0000013292022,08072022
AL0000013302022,08072022
AL0000013312022,09072022
AL0000013322022,09072022
AL0000013332022,10072022
AL0000013352022,10072022
AL0000013362022,11072022
AL0000013372022,12072022
AL0000013382022,12072022
AL0000013402022,13072022
AL0000013412022,17072022
AL0000013442022,12072022
AL0000013452022,20072022
AL0000013462022,22072022
AL0000013472022,22072022
AL0000013482022,22072022
AL0000013492022,23072022
AL0000013512022,24072022
AL0000013532022,25072022
AL0000013542022,25072022
AL0000013552022,26072022
AL0000013562022,28072022
AL0000013572022,31072022
AL0000013582022,31072022
AL0000013592022,31072022
AL0000013602022,03072022
AL0000013612022,19072022
AL0000013622022,16072022
AL0000013632022,08072022
AL0000013642022,21072022
AL0000013652022,27072022
AL0000013662022,07072022
AL0000013672022,10072022
AL0000013682022,13072022
AL0000013692022,12072022
AL0000013702022,16072022
AL0000013712022,07072022
AL0000013722022,27062022
AL0000013732022,27072022
AL0000013742022,03072022
AL0000013752022,29062022
AL0000013762022,28072022
AL0000013772022,01072022
AL0000013782022,03062022
AL0000013792022,01072022
AL0000013802022,06082022
AL0000013812022,01072022
AL0000013822022,08082022
AL0000013832022,01072022
AL0000013842022,08082022
AL0000013852022,04072022
AL0000013862022,24082022
AL0000013872022,23082022
AL0000013882022,23082022
AL0000013892022,22082022
AL0000013902022,07072022
AL0000013912022,20082022
AL0000013922022,08072022
AL0000013932022,09072022
AL0000013942022,09072022
AL0000013952022,09072022
AL0000013962022,20082022
AL0000013972022,18082022
AL0000013982022,05072022
AL0000013992022,09072022
AL0000014002022,09072022
AL0000014012022,10072022
AL0000014022022,10062022
AL0000014032022,12072022
AL0000014042022,18082022
AL0000014052022,14072022
AL0000014062022,18082022
AL0000014072022,17082022
AL0000014082022,16082022
AL0000014092022,17072022
AL0000014102022,14082022
AL0000014112022,12082022
AL0000014122022,10082022
AL0000014132022,25072022
AL0000014142022,18072022
AL0000014152022,17072022
AL0000014162022,21072022
AL0000014172022,09082022
AL0000014182022,08082022
AL0000014192022,08082023
AL0000014202022,08082022
AL0000014212022,18072022
AL0000014222022,29072022
AL0000014232022,06072022
AL0000014242022,07072022
AL0000014252022,06072022
AL0000014262022,10072022
AL0000014272022,10072022
AL0000014282022,10072022
AL0000014292022,11072022
AL0000014302022,11072022
AL0000014312022,11072022
AL0000014322022,13072022
AL0000014332022,12072022
AL0000014342022,13072022
AL0000014352022,13072022
AL0000014362022,28072022
AL0000014372022,05072022
AL0000014382022,08072022
AL0000014392022,30072022
AL0000014402022,14072022
AL0000014412022,30072022
AL0000014422022,29072022
AL0000014432022,14072022
AL0000014452022,15062022
AL0000014462022,15072022
AL0000014472022,16072022
AL0000014482022,14072022
AL0000014492022,08072022
AL0000014502022,15072022
AL0000014512022,17072022
AL0000014522022,17072022
AL0000014532022,18072022
AL0000014542022,08072022
AL0000014552022,16072022
AL0000014562022,20072022
AL0000014572022,20072022
AL0000014582022,17072022
AL0000014592022,22072022
AL0000014602022,23072022
AL0000014612022,23072022
AL0000014622022,17072022
AL0000014632022,23072022
AL0000014642022,24072022
AL0000014652022,25072022
AL0000014662022,25072022
AL0000014672022,26072022
AL0000014682022,26072022
AL0000014692022,30072022
AL0000014702022,13072022
AL0000014712022,13072022
AL0000014722022,24072022
AL0000014732022,11072022
AL0000014742022,25072022
AL0000014752022,10072022
AL0000014762022,10072022
AL0000014772022,09072022
AL0000014782022,10072022
AL0000014792022,25072022
AL0000014802022,05072022
AL0000014812022,28072022
AL0000014832022,26072022
AL0000014842022,02072022
AL0000014852022,01072022
AL0000014862022,01072022
AL0000014872022,10072022
AL0000014882022,18072022
AL0000014892022,02082022
AL0000014902022,26072022
AL0000014912022,31072022
AL0000014922022,24072022
AL0000014932022,01072022
AL0000014942022,16072022
AL0000014952022,25072022
AL0000014962022,24072022
AL0000014972022,17072022
AL0000013432022,04082022
AL0000014442022,03082022
AL0000013502022,14082022
AL0000013522022,15082022
AL0000013422022,16082022
AL0000013262022,22072022
AL0000014982022,01082022
AL0000014992022,03082022
AL0000015002022,30082022
AL0000015012022,07082022
AL0000015022022,02082022
AL0000015032022,30082022
AL0000015042022,08082022
AL0000015052022,03082022
AL0000015062022,29082022
AL0000015072022,02082022
AL0000015082022,06082022
AL0000015092022,27082022
AL0000015102022,20082022
AL0000015112022,16082022
AL0000015122022,22082022
AL0000015132022,22082022
AL0000015142022,24082022
AL0000015152022,24082022
AL0000015162022,22082022
AL0000015172022,01082022
AL0000015182022,03082022
AL0000015192022,05082022
AL0000015202022,07082022
AL0000015212022,11082022
AL0000015222022,12082022
AL0000015232022,13082022
AL0000015242022,16082022
AL0000015252022,19082022
AL0000015262022,15082022
AL0000015272022,16082022
AL0000015282022,13082022
AL0000015292022,14082022
AL0000015302022,27082022
AL0000015312022,25082022
AL0000015322022,20082022
AL0000015332022,04082022
AL0000015342022,01082022
AL0000015352022,31082022
AL0000015362022,05082022
AL0000015372022,07082022
AL0000015382022,28082022
AL0000015402022,15082022
AL0000015412022,15082022
AL0000015422022,17082022
AL0000015432022,20082022
AL0000015442022,20082022
AL0000015452022,21082022
AL0000015472022,22082022
AL0000015482022,24082022
AL0000015492022,05072022
AL0000015502022,21082022
AL0000015512022,20062022
AL0000015522022,07072022
AL0000015532022,30062022
AL0000015542022,10072022
AL0000015552022,27062022
AL0000015562022,10072022
AL0000015572022,07072022
AL0000015582022,10072022
AL0000015592022,13072022
AL0000015602022,12072022
AL0000015612022,16072022
AL0000015622022,07072022
AL0000015632022,27072022
AL0000015642022,03072022
AL0000015652022,28072022
AL0000015662022,03082022
AL0000015672022,07082022
AL0000015682022,08082022
AL0000015692022,10082022
AL0000015702022,09082022
AL0000015712022,30082022
AL0000015722022,29082022
AL0000015732022,29082022
AL0000015742022,26082022
AL0000015752022,26082022
AL0000015762022,21082022
AL0000015772022,21082022
AL0000015782022,19082022
AL0000015792022,19082022
AL0000015802022,19082022
AL0000015812022,19082022
AL0000015822022,18082022
AL0000015832022,17032022
AL0000015842022,15082022
AL0000015852022,14082022
AL0000015862022,14082022
AL0000015872022,13082022
AL0000015882022,11082022
AL0000015892022,11082022
AL0000015902022,10082022
AL0000015912022,09082022
AL0000015922022,09082022
AL0000015932022,09082022
AL0000015942022,07082022
AL0000015952022,06082022
AL0000015962022,05082022
AL0000015972022,03082022
AL0000015982022,02082022
AL0000015992022,01082022
AL0000016002022,30072022
AL0000016012022,22072022
AL0000016022022,30082022
AL0000016032022,29082022
AL0000016042022,28082022
AL0000016052022,26082022
AL0000016062022,24082022
AL0000016072022,24082022
AL0000016082022,23082022
AL0000016092022,22082022
AL0000016102022,20082022
AL0000016112022,20082022
AL0000016122022,18082022
AL0000016142022,19082022
AL0000016152022,19082022
AL0000016172022,18082022
AL0000016182022,17082022
AL0000016192022,16082022
AL0000016202022,15082022
AL0000016212022,27072022
AL0000016222022,23072022
AL0000016232022,01082022
AL0000016242022,30072022
AL0000016252022,01082022
AL0000016262022,15082022
AL0000016272022,14082022
AL0000016282022,13082022
AL0000016292022,12082022
AL0000016302022,08082022
AL0000016312022,09082022
AL0000016322022,08082022
AL0000016332022,08082022
AL0000016342022,04082022
AL0000016352022,05082022
AL0000016362022,06082022
AL0000016372022,03082022
AL0000016382022,03082022
AL0000016392022,02082022
AL0000016402022,01082022
AL0000016412022,01082022
AL0000016422022,01082022
AL0000016432022,01082022
AL0000016712022,21082022
AL0000016722022,30082022
AL0000016732022,28082022
AL0000016742022,30082022
AL0000016752022,29082022
AL0000016762022,29082022
AL0000016772022,28082022
AL0000016782022,23082022
AL0000016802022,23082022
AL0000016812022,20082022
AL0000016822022,20082022
AL0000016832022,29082022
AL0000016842022,26082022
AL0000016852022,22082022
AL0000016862022,20082022
AL0000016872022,27082022
AL0000016882022,27082022
AL0000016892022,17082022
AL0000016902022,22082022
AL0000016912022,25082022
AL0000016922022,23082022
AL0000016932022,21082022
AL0000016942022,18082022
AL0000016952022,19082022
AL0000016962022,20082022
AL0000016972022,11082022
AL0000016982022,17082022
AL0000016992022,14082022
AL0000017002022,31082022
AL0000017012022,16082022
AL0000017022022,16082022
AL0000017032022,16082022
AL0000017042022,07082022
AL0000017052022,15082022
AL0000017062022,13082022
AL0000017072022,14082022
AL0000017082022,13082022
AL0000017092022,13082022
AL0000017102022,11082022
AL0000017112022,10082022
AL0000017122022,08082022
AL0000017132022,08082022
AL0000017142022,08082022
AL0000017152022,06082022
AL0000017162022,06082022
AL0000017172022,31082022
AL0000017182022,02082022
AL0000017192022,20082022
AL0000017202022,02082022
AL0000017212022,31082022
AL0000017222022,10082022
AL0000017232022,01082022
AL0000017242022,01082022
AL0000017252022,22082022
AL0000017262022,19082022
AL0000017272022,20082022
AL0000017282022,19082022
AL0000017292022,20082022
AL0000017302022,09082022
AL0000017312022,05082022
AL0000017322022,27082022
AL0000013392022,25082022
AL0000013342022,25082022
AL0000014822022,01082022
AL0000016132022,16082022
AL0000016792022,06082022
AL0000015462022,23082022
AL0000015392022,22082022
AL0000017332022,01082022
AL0000017342022,06082022
AL0000017352022,01082022
AL0000017362022,02082022
AL0000017402022,11082022
AL0000016442022,20092022
AL0000016452022,02092022
AL0000016462022,05092022
AL0000016472022,06092022
AL0000016482022,10092022
AL0000016492022,14092022
AL0000016502022,09092022
AL0000016512022,04092022
AL0000016522022,16092022
AL0000016532022,17092022
AL0000016542022,17092022
AL0000016552022,18092022
AL0000016562022,19092022
AL0000016572022,26092022
AL0000016582022,26092022
AL0000016592022,23092022
AL0000016602022,11092022
AL0000016612022,28092022
AL0000016622022,24092022
AL0000016632022,15092022
AL0000016642022,19092022
AL0000016652022,25092022
AL0000016662022,09092022
AL0000016672022,12092022
AL0000016682022,13092022
AL0000016692022,24092022
AL0000016702022,23092022
AL0000017372022,16092022
AL0000017382022,30092022
AL0000017392022,30092022
AL0000017412022,25092022
AL0000017422022,28092022
AL0000017432022,28092022
AL0000017442022,29092022
AL0000017452022,21092022
AL0000017462022,26092022
AL0000017472022,25092022
AL0000017482022,26092022
AL0000017492022,25092022
AL0000017502022,22092022
AL0000017512022,23092022
AL0000017522022,19092022
AL0000017532022,19092022
AL0000017542022,21092022
AL0000017552022,16092022
AL0000017562022,17092022
AL0000017572022,16092022
AL0000017582022,17092022
AL0000017592022,01092022
AL0000017602022,01092022
AL0000017612022,21092022
AL0000017622022,18092022
AL0000017632022,07092022
AL0000017642022,07092022
AL0000017652022,02092022
AL0000017662022,03092022
AL0000017672022,10092022
AL0000017682022,15092022
AL0000017692022,02092022
AL0000017702022,22092022
AL0000017712022,18092022
AL0000017722022,09092022
AL0000017732022,29092022
AL0000017742022,09092022
AL0000017752022,11092022
AL0000017762022,10092022
AL0000017772022,30092022
AL0000017782022,11092022
AL0000017792022,30092022
AL0000017812022,30092022
AL0000017822022,04092022
AL0000017832022,17092022
AL0000017842022,10092022
AL0000017852022,14092022
AL0000017862022,04092022
AL0000017872022,17092022
AL0000017882022,12092022
AL0000017892022,30092022
AL0000017902022,01092022
AL0000017912022,15092022
AL0000017922022,14092022
AL0000017932022,29092022
AL0000017942022,09092022
AL0000017952022,27092022
AL0000017962022,16092022
AL0000017972022,03092022
AL0000017982022,05092022
AL0000017992022,07092022
AL0000018002022,11092022
AL0000018012022,12092022
AL0000018022022,29092022
AL0000018032022,28092022
AL0000018042022,27092022
AL0000018052022,27092022
AL0000018062022,12092022
AL0000018072022,13092022
AL0000018082022,13092022
AL0000018092022,26092022
AL0000018102022,26092022
AL0000018112022,23092022
AL0000018122022,22092022
AL0000018132022,29092022
AL0000018142022,30092022
AL0000018152022,30092022
AL0000018162022,13092022
AL0000018172022,14092022
AL0000018182022,22092022
AL0000018192022,14092022
AL0000018202022,16092022
AL0000018212022,16092022
AL0000018222022,19092022
AL0000018232022,19092022
AL0000018242022,20092022
AL0000018252022,20092022
AL0000018262022,27092022
AL0000018272022,26092022
AL0000018282022,19082022
AL0000018292022,28082022
AL0000018302022,01092022
AL0000018312022,30082022
AL0000018322022,01092022
AL0000018332022,02092022
AL0000018342022,17092022
AL0000018352022,18092022
AL0000018362022,21092022
AL0000018372022,01092022
AL0000018382022,30082022
AL0000018392022,30082022
AL0000018402022,17092022
AL0000018412022,13082022
AL0000018422022,17092022
AL0000018432022,24092022
AL0000018442022,21092022
AL0000018452022,06092022
AL0000018462022,07092022
AL0000018472022,13092022
AL0000018482022,18092022
AL0000018492022,23092022
AL0000018502022,16092022
AL0000018512022,09092022
AL0000018522022,26092022
AL0000018532022,16092022
AL0000018542022,13092022
AL0000018552022,06092022
AL0000018562022,02092022
AL0000018572022,20082022
AL0000018582022,27092022
AL0000018592022,20082022
AL0000018602022,05092022
AL0000018612022,10092022
AL0000018622022,12092022
AL0000018642022,25092022
AL0000018652022,01092022
AL0000018662022,01092022
AL0000018672022,21102022
AL0000018682022,18102022
AL0000018692022,08102022
AL0000018702022,17102022
AL0000018712022,01102022
AL0000018722022,06092022
AL0000018732022,09092022
AL0000018742022,16092022
AL0000018762022,17092022
AL0000018772022,25092022
AL0000018782022,18092022
AL0000018792022,09092022
AL0000018802022,10092022
AL0000018812022,09092022
AL0000018822022,28092022
AL0000018832022,02082022
AL0000018842022,05092022
AL0000018752022,02102022
AL0000017802022,09102022
AL0000018852022,10102022
AL0000018862022,01102022
AL0000018872022,03102022
AL0000018882022,05102022
AL0000018892022,05102022
AL0000018902022,06102022
AL0000018912022,06102022
AL0000018922022,25102022
AL0000018932022,25102022
AL0000018942022,06102022
AL0000018952022,06102022
AL0000018962022,07102022
AL0000018972022,07102022
AL0000018982022,12102022
AL0000018992022,12102022
AL0000019002022,12102022
AL0000019012022,22102022
AL0000019022022,13102022
AL0000019032022,30102022
AL0000019042022,23102022
AL0000019052022,15102022
AL0000019062022,22102022
AL0000019072022,30102022
AL0000019082022,20102022
AL0000019092022,22102022
AL0000019102022,03102022
AL0000019112022,19102022
AL0000019122022,22102022
AL0000019132022,30102022
AL0000019142022,14102022
AL0000019152022,13102022
AL0000019162022,03102022
AL0000019172022,22072022
AL0000019182022,11102022
AL0000019192022,31102022
AL0000019202022,28102022
AL0000019212022,26102022
AL0000019222022,27102022
AL0000019232022,24102022
AL0000019242022,23102022
AL0000019252022,18102022
AL0000019262022,15102022
AL0000019272022,12102022
AL0000019282022,13102022
AL0000019292022,11102022
AL0000019302022,17102022
AL0000019312022,31102022
AL0000019322022,04112022
AL0000019332022,03112022
AL0000019342022,28102022
AL0000019352022,29102022
AL0000019362022,29102022
AL0000019372022,15102022
AL0000019382022,19102022
AL0000019392022,10102022
AL0000019402022,09102022
AL0000019412022,08102022
AL0000019422022,05102022
AL0000019432022,02102022
AL0000019442022,01102022
AL0000019452022,22102022
AL0000019462022,11102022
AL0000019472022,08102022
AL0000019482022,13102022
AL0000019492022,03102022
AL0000019502022,03102022
AL0000019512022,23102022
AL0000019522022,04102022
AL0000019532022,25102022
AL0000019542022,01102022
AL0000019552022,27102022
AL0000019562022,30102022
AL0000019572022,30102022
AL0000019582022,31102022
AL0000019592022,07102022
AL0000019602022,28102022
AL0000019612022,01102022
AL0000019622022,02102022
AL0000019632022,02102022
AL0000019642022,03102022
AL0000019652022,04102022
AL0000019662022,06102022
AL0000019672022,06102022
AL0000019682022,09102022
AL0000019692022,11102022
AL0000019702022,11102022
AL0000019712022,11102022
AL0000019722022,13102022
AL0000019732022,15102022
AL0000019742022,18102022
AL0000019752022,21102022
AL0000019762022,26102022
AL0000019772022,11102022
AL0000019782022,01102022
AL0000019792022,01102022
AL0000019802022,01102022
AL0000019812022,01102022
AL0000019822022,02102022
AL0000019832022,03102022
AL0000019842022,04102022
AL0000019852022,04102022
AL0000019862022,08102022
AL0000019872022,31102022
AL0000019882022,08102022
AL0000019892022,09102022
AL0000019902022,09102022
AL0000019912022,09102022
AL0000019922022,10102022
AL0000019932022,10102022
AL0000019942022,11102022
AL0000019952022,14102022
AL0000019962022,15102022
AL0000019972022,15102022
AL0000019982022,17102022
AL0000019992022,18102022
AL0000020002022,18102022
AL0000020012022,24102022
AL0000020022022,20102022
AL0000020032022,20102022
AL0000020042022,20102022
AL0000020052022,21102022
AL0000020062022,22102022
AL0000020072022,23102022
AL0000020082022,23102022
AL0000020092022,23102022
AL0000020102022,23102022
AL0000020112022,23102022
AL0000020122022,23102022
AL0000020132022,26102022
AL0000020142022,26102022
AL0000020152022,27102022
AL0000020162022,27102022
AL0000020172022,28102022
AL0000020182022,28102022
AL0000020192022,30102022
AL0000020202022,30102022
AL0000020212022,31102022
AL0000020222022,30102022
AL0000020232022,21102022
AL0000020242022,09102022
AL0000020252022,30102022
AL0000020262022,31102022
AL0000020272022,28102022
AL0000020282022,15102022
AL0000020292022,21102022
AL0000020302022,26102022
AL0000020312022,18102022
AL0000020322022,19102022
AL0000020332022,10102022
AL0000020342022,21102022
AL0000020352022,21102022
AL0000020362022,21102022
AL0000020372022,22102022
AL0000020382022,24102022
AL0000020392022,24102022
AL0000020402022,15102022
AL0000020412022,16102022
AL0000020422022,19102022
AL0000020432022,13102022
AL0000020442022,17102022
AL0000020452022,18102022
AL0000020462022,01102022
AL0000020472022,06102022
AL0000020482022,09102022
AL0000020492022,30102022
AL0000020502022,11102022
AL0000020512022,16102022
AL0000020522022,02102022
AL0000020532022,06102022
AL0000020542022,06102022
AL0000020552022,03102022
AL0000020562022,01102022
AL0000020572022,29102022
AL0000020582022,03102022
AL0000020592022,02102022
AL0000020602022,21102022
AL0000020612022,16102022
AL0000020622022,10102022
AL0000020632022,23102022
AL0000020642022,23102022
AL0000020652022,29102022
AL0000020662022,15102022
AL0000020672022,28102022
AL0000020682022,17102022
AL0000020692022,10102022
AL0000020702022,20102022
AL0000020712022,24102022
AL0000020722022,30102022
AL0000020732022,27102022
AL0000020742022,01102022
AL0000020752022,20102022
AL0000020762022,21102022
AL0000020772022,14102022
AL0000020782022,15102022
AL0000020792022,05102022
AL0000020802022,09102022
AL0000020812022,16102022
AL0000020822022,11102022
AL0000020832022,09102022
AL0000020842022,16102022
AL0000020852022,02102022
AL0000020862022,14102022
AL0000020872022,09102022
AL0000020882022,15102022
AL0000020892022,12102022
AL0000020902022,17102022
AL0000020912022,08102022
AL0000020922022,03102022
AL0000020932022,14102022
AL0000020942022,09102022
AL0000020952022,01102022
AL0000020962022,13102022
AL0000020972022,08082022
AL0000020982022,10082022
AL0000020992022,09082022
AL0000021002022,15082022
AL0000021012022,16082022
AL0000021022022,17082022
AL0000021032022,20082022
AL0000021042022,17082022
AL0000021052022,20082022
AL0000021062022,22082022
AL0000021072022,21082022
AL0000021082022,26082022
AL0000021092022,26082022
AL0000021102022,27082022
AL0000021112022,12082022
AL0000021122022,29082022
AL0000021132022,26082022
AL0000021142022,31082022
AL0000021152022,01092022
AL0000021162022,01092022
AL0000021172022,20092022
AL0000021182022,20092022
AL0000021192022,21092022
AL0000021202022,26092022
AL0000021212022,27092022
AL0000021222022,02102022
AL0000021232022,01102022
AL0000021242022,30092022
AL0000021252022,04102022
AL0000021262022,03102022
AL0000021272022,09102022
AL0000021282022,30092022
AL0000021292022,14102022
AL0000021302022,17102022
AL0000021312022,16102022
AL0000021322022,22102022
AL0000021332022,21102022
AL0000021342022,20102022
AL0000021352022,29102022
AL0000021362022,28102022
AL0000021372022,23112022
AL0000021382022,26112022
AL0000021392022,04112022
AL0000021402022,06112022
AL0000021412022,07112022
AL0000021422022,01112022
AL0000021432022,03112022
AL0000021442022,01112022
AL0000021452022,09112022
AL0000021462022,11112022
AL0000021472022,10112022
AL0000021482022,11112022
AL0000021492022,17112022
AL0000021502022,18112022
AL0000021512022,19112022
AL0000021522022,20112022
AL0000021532022,21112022
AL0000021542022,22112022
AL0000021552022,22112022
AL0000021562022,30112022
AL0000021572022,28112022
AL0000021582022,25112022
AL0000021592022,24112022
AL0000021602022,22112022
AL0000021612022,28112022
AL0000021622022,27112022
AL0000021632022,26112022
AL0000021642022,28112022
AL0000021652022,29112022
AL0000021662022,03112022
AL0000021672022,03112022
AL0000021682022,04112022
AL0000021692022,02112022
AL0000021702022,03112022
AL0000021712022,04112022
AL0000021722022,07112022
AL0000021732022,11112022
AL0000021742022,12112022
AL0000021752022,12112022
AL0000021762022,15112022
AL0000021772022,16112022
AL0000021782022,17112022
AL0000021792022,18112022
AL0000021802022,20112022
AL0000021812022,28112022
AL0000021822022,05112022
AL0000021832022,14112022
AL0000021842022,10112022
AL0000021852022,10112022
AL0000021862022,07112022
AL0000021872022,11112022
AL0000021882022,12112022
AL0000021892022,11112022
AL0000021902022,07112022
AL0000021912022,15112022
AL0000021922022,18112022
AL0000021932022,18112022
AL0000021942022,23112022
AL0000021952022,27112022
AL0000021962022,24112022
AL0000021972022,27112022
AL0000021982022,27112022
AL0000021992022,03112022
AL0000022002022,04112022
AL0000022012022,04112022
AL0000022022022,05112022
AL0000022032022,11112022
AL0000022042022,11112022
AL0000022052022,12112022
AL0000022062022,12112022
AL0000022072022,11112022
AL0000022082022,15112022
AL0000022092022,16112022
AL0000022102022,16112022
AL0000022112022,16112022
AL0000022122022,18112022
AL0000022132022,20112022
AL0000022142022,22112022
AL0000022152022,23112022
AL0000022162022,29112022
AL0000022172022,01112022
AL0000022182022,05112022
AL0000022192022,05112022
AL0000022202022,30112022
AL0000022212022,29112022
AL0000022222022,29112022
AL0000022232022,15112022
AL0000022242022,19112022
AL0000022252022,24112022
AL0000022262022,25112022
AL0000022272022,26112022
AL0000022282022,26112022
AL0000022292022,28112022
AL0000022302022,22112022
AL0000022312022,21112022
AL0000022322022,23112022
AL0000022332022,24112022
AL0000022342022,20112022
AL0000022352022,20112022
AL0000022362022,19112022
AL0000022372022,14112022
AL0000022382022,11112022
AL0000022392022,14112022
AL0000022402022,26112022
AL0000022412022,03112022
AL0000022422022,11112022
AL0000022432022,13112022
AL0000022442022,13112022
AL0000022452022,04112022
AL0000022462022,12112022
AL0000022472022,02112022
AL0000022482022,02112022
AL0000022492022,04112022
AL0000022502022,04112022
AL0000022512022,06112022
AL0000022522022,07112022
AL0000022532022,08112022
AL0000022542022,08112022
AL0000022552022,10112022
AL0000022562022,13112022
AL0000022572022,13112022
AL0000022582022,13112022
AL0000022592022,29112022
AL0000022602022,14112022
AL0000022612022,14112022
AL0000022622022,17112022
AL0000022632022,20112022
AL0000022642022,21112022
AL0000022652022,23112022
AL0000022662022,29112022
AL0000022672022,15112022
AL0000022682022,16112022
AL0000022692022,14112022
AL0000022702022,07112022
AL0000022712022,23112022
AL0000022722022,12112022
AL0000022732022,19112022
AL0000022742022,16112022
AL0000022752022,25112022
AL0000022762022,20112022
AL0000022772022,29112022
AL0000022782022,27112022
AL0000022792022,29112022
AL0000022802022,12112022
AL0000022812022,02112022
AL0000022822022,03112022
AL0000022832022,11112022
AL0000022842022,06112022
AL0000022852022,01112022
AL0000022862022,08112022
AL0000022872022,05112022
AL0000022882022,04112022
AL0000022892022,13112022
AL0000022902022,08112022
AL0000022912022,14112022
AL0000022922022,15112022
AL0000022932022,17112022
AL0000022942022,01112022
AL0000022952022,09112022
AL0000022962022,14112022
AL0000022972022,18112022
AL0000022982022,19112022
AL0000022992022,20112022
AL0000023002022,15112022
AL0000023012022,19112022
AL0000023022022,23112022
AL0000023032022,23112022
AL0000023042022,24112022
AL0000023052022,25112022
AL0000023062022,25112022
AL0000023072022,13112022
AL0000023082022,21112022
AL0000023092022,30112022
AL0000023102022,13112022
AL0000023112022,24112022
AL0000023122022,20112022
AL0000023132022,02112022
AL0000023142022,03112022
AL0000023152022,03112022
AL0000023162022,04112022
AL0000023172022,10112022
AL0000023182022,12112022
AL0000023192022,12112022
AL0000023202022,13112022
AL0000023212022,13112022
AL0000023222022,13112022
AL0000023232022,14112022
AL0000023242022,23112022
AL0000023252022,25112022
AL0000023262022,28112022
AL0000023272022,02122022
AL0000023282022,29122022
AL0000023292022,02122022
AL0000023302022,09122022
AL0000023312022,11122022
AL0000023322022,12122022
AL0000023332022,08122022
AL0000023342022,03122022
AL0000023352022,09122022
AL0000023362022,14122022
AL0000023372022,26122022
AL0000023382022,21122022
AL0000023392022,24122022
AL0000023402022,03122022
AL0000023412022,06122022
AL0000023422022,06122022
AL0000023432022,09122022
AL0000023442022,10122022
AL0000023452022,17122022
AL0000023462022,15122022
AL0000023472022,20122022
AL0000023482022,20122022
AL0000023492022,22122022
AL0000023502022,24122022
AL0000023512022,24122022
AL0000023522022,24122022
AL0000023532022,01122022
AL0000023542022,25122022
AL0000023552022,25122022
AL0000023562022,28122022
AL0000023572022,04122022
AL0000023582022,30122022
AL0000023592022,08112022
AL0000023602022,19102022
AL0000023612022,25122022
AL0000023622022,11102022
AL0000023632022,14102022
AL0000023642022,12102022
AL0000023652022,08102022
AL0000023662022,22102022
AL0000023672022,30102022
AL0000023682022,16122022
AL0000023692022,01102022
AL0000023702022,18112022
AL0000023712022,25112022
AL0000023722022,28112022
AL0000023732022,24112022
AL0000023742022,25112022
AL0000023752022,15112022
AL0000023762022,18112022
AL0000023772022,18112022
AL0000023782022,13112022
AL0000023792022,31102022
AL0000023802022,30102022
AL0000023812022,14122022
AL0000023822022,10122022
AL0000023832022,02122022
AL0000023842022,19122022
AL0000023852022,27122022
AL0000023862022,24122022
AL0000023872022,03122022
AL0000023882022,02122022
AL0000023892022,03122022
AL0000023902022,04122022
AL0000023912022,06122022
AL0000023922022,01122022
AL0000023932022,07122022
AL0000023942022,09122022
AL0000023952022,11122022
AL0000023962022,12122022
AL0000023972022,02122022
AL0000023982022,12122022
AL0000023992022,03122022
AL0000024002022,01122022
AL0000024012022,09122022
AL0000024022022,18122022
AL0000024032022,10122022
AL0000024042022,18122022
AL0000024052022,22122022
AL0000024062022,02122022
AL0000024072022,21122022
AL0000024082022,17122022
AL0000024092022,23212022
AL0000024102022,24122022
AL0000024112022,24122022
AL0000024122022,25122022
AL0000024132022,25122022
AL0000024142022,25122022
AL0000024152022,25122022
AL0000024162022,26122022
AL0000024172022,03122022
AL0000024182022,05122022
AL0000024192022,26122022
AL0000024202022,19122022
AL0000024212022,28122022
AL0000024222022,17122022
AL0000024232022,25122022
AL0000024242022,30122022
AL0000024252022,30122022
AL0000024272022,02122022
AL0000024282022,11122022
AL0000024292022,13122022
AL0000024302022,25122022
AL0000024312022,14122022
AL0000024322022,19122022
AL0000024332022,18122022
AL0000024342022,12122022
AL0000024352022,28122022
AL0000024362022,21122022
AL0000024372022,26122022
AL0000024382022,30122022
AL0000024392022,24122022
AL0000024402022,29122022
AL0000024412022,25122022
AL0000024422022,25122022
AL0000024432022,26122022
AL0000024442022,31122022
AL0000024452022,31122022
AL0000024462022,27122022
AL0000024472022,28122022
AL0000024482022,28122022
AL0000024492022,28122022
AL0000024502022,28122022
AL0000024512022,30122022
AL0000024522022,30122022
AL0000024532022,31122022
AL0000024542022,29122022
AL0000024552022,16122022
AL0000024562022,14122022
AL0000024572022,17122022
AL0000024582022,24122022
AL0000024592022,24122022
AL0000024602022,22122022
AL0000024612022,22122022
AL0000024622022,19122022
AL0000024632022,18122022
AL0000024642022,15122022
AL0000024652022,02122022
AL0000024662022,01122022
AL0000024672022,04122022
AL0000024682022,03122022
AL0000024692022,04122022
AL0000024702022,06122022
AL0000024712022,06122022
AL0000024722022,06122022
AL0000024732022,07122022
AL0000024742022,12122022
AL0000024752022,10122022
AL0000024762022,09122022
AL0000024772022,081220222
AL0000024782022,18122022
AL0000024792022,27122022
AL0000024802022,25122022
AL0000024812022,05122022
AL0000024822022,10122022
AL0000024832022,23122022
AL0000024842022,22122022
AL0000024852022,02122022
AL0000024862022,31122022
AL0000024872022,02122022
AL0000024882022,08122022
AL0000024892022,20122022
AL0000024902022,05122022
AL0000024912022,01122022
AL0000024922022,05122022
AL0000024932022,10122022
AL0000024942022,21122022
AL0000024952022,17122022
AL0000024962022,28122022
AL0000024972022,18122022
AL0000024982022,18122022
AL0000024992022,18122022
AL0000025002022,16122022
AL0000025012022,29122022
AL0000025022022,13122022
AL0000025032022,07122022
AL0000025042022,28122022
AL0000025052022,31122022
AL0000025062022,18122022
AL0000025072022,01122022
AL0000025082022,04122022
AL0000025092022,03122022
AL0000025102022,30122022
AL0000025112022,18122022
AL0000025122022,16122022
AL0000025132022,07122022
AL0000025142022,10122022
AL0000025152022,19122022
AL0000025162022,23122022
AL0000025172022,18122022
AL0000025182022,19122022
AL0000025192022,05122022
AL0000025202022,11122022
AL0000025212022,11122022
AL0000025222022,12122022
AL0000025232022,10122022
AL0000025242022,03122022
AL0000025252022,21122022
AL0000025262022,18122022
AL0000025272022,29122022
AL0000025282022,25122022
AL0000025292022,08122022
AL0000025302022,27122022
AL0000025312022,26122022
AL0000025322022,01122022
AL0000025332022,03122022
AL0000025342022,05122022
AL0000025352022,07122022
AL0000025362022,07122022
AL0000025372022,07122022
AL0000025382022,08122022
AL0000025392022,27122022
AL0000025402022,01122022
AL0000025412022,09122022
AL0000025422022,11122022
AL0000025432022,11122022
AL0000025442022,12122022
AL0000025452022,13122022
AL0000025462022,14122022
AL0000025472022,14122022
AL0000025482022,16122022
AL0000025492022,22122022
AL0000025502022,17122022
AL0000025512022,17122022
AL0000025522022,31122022
AL0000025532022,17122022
AL0000025542022,08122022
AL0000025552022,20122022
AL0000025562022,22122022
AL0000025572022,23122022
AL0000025582022,23122022
AL0000025592022,24122022
AL0000025602022,28122022
AL0000025612022,25122022
AL0000025622022,11122022
AL0000025632022,09122022
AL0000025642022,06122022
AL0000024262022,16112022
AL0000025652022,23112022
AL0000025662022,06122022
AL0000025672022,02122022
AL0000025682022,04122022
AL0000025692022,01122022
AL0000025702022,29112022
AL0000025712022,11122022
AL0000018632022,18122022